Name,Province,Riding,Party,House Owner,Landlord,Investments,Investment Portfolio
Arnold Viersen,Alberta,Peace River—Westlock,Conservative Party of Canada,Y,N,N,
Blaine Calkins,Alberta,Red Deer—Lacombe,Conservative Party of Canada,Y,N,N,
Blake Richards,Alberta,Banff—Airdrie,Conservative Party of Canada,Y,N,Y,"Trust, Finances"
Chris Warkentin,Alberta,Grande Prairie—Mackenzie,Conservative Party of Canada,Y,Y,Y,Developer
Damien Kurek,Alberta,Battle River—Crowfoot,Conservative Party of Canada,Y,Y,N,Landlord
Dane Lloyd,Alberta,Sturgeon River—Parkland,Conservative Party of Canada,Y,N,Y,Major natural resources investor
Earl Dreeshen,Alberta,Red Deer—Mountain View,Conservative Party of Canada,Y,N,N,
Garnett Genuis,Alberta,Sherwood Park—Fort Saskatchewan,Conservative Party of Canada,Y,Y,Y,gold and silver trust
Gerald Soroka,Alberta,Yellowhead,Conservative Party of Canada,Y,Y,Y,Farming investments
Glen Motz,Alberta,Medicine Hat—Cardston—Warner,Conservative Party of Canada,Y,Y,Y,investments in real estate
Greg Mclean,Alberta,Calgary Centre,Conservative Party of Canada,Y,Y,Y,"Energy, Old age care, Banking, infrastructure"
Jasraj Hallan,Alberta,Calgary Forest Lawn,Conservative Party of Canada,Y,Y,Y,Realty
John Barlow,Alberta,Foothills,Conservative Party of Canada,Y,N,N,
Kelly Mccauley,Alberta,Edmonton West,Conservative Party of Canada,Y,N,Y,Huge assets
Laila Goodridge,Alberta,Fort McMurray—Cold Lake,Conservative Party of Canada,Y,Y,N,
Len Webber,Alberta,Calgary Confederation,Conservative Party of Canada,Y,N,N,
Martin Shields,Alberta,Bow River,Conservative Party of Canada,UNDISCLOSED,UNDISCLOSED,UNDISCLOSED,
Matt Jeneroux,Alberta,Edmonton Riverbend,Conservative Party of Canada,Y,N,N,
Michael Cooper,Alberta,St. Albert—Edmonton,Conservative Party of Canada,Y,N,N,
Michelle Rempel Garner,Alberta,Calgary Nose Hill,Conservative Party of Canada,Y,Y,N,
Mike Lake,Alberta,Edmonton—Wetaskiwin,Conservative Party of Canada,Y,Y,Y,Huge assets
Pat Kelly,Alberta,Calgary Rocky Ridge,Conservative Party of Canada,Y,Y,Y,"Banking , energy, oil, spouse tech investment, hedge funds"
Rachael Thomas,Alberta,Lethbridge,Conservative Party of Canada,Y,Y,Y,"Landlord, AI, Business consulting"
Ron Liepert,Alberta,Calgary Signal Hill,Conservative Party of Canada,Y,N,Y,"Groceries, Resources, Energy"
Shannon Stubbs,Alberta,Lakeland,Conservative Party of Canada,Y,Y,Y,stock options private insurance
Shuvaloy Majumdar,Alberta,Calgary Heritage,Conservative Party of Canada,N,N,N,
Stephanie Kusie,Alberta,Calgary Midnapore,Conservative Party of Canada,Y,Y,Y,"oil, landlord"
Tim Uppal,Alberta,Edmonton Mill Woods,Conservative Party of Canada,Y,Y,Y,"Landlord, Google, Microstrategy, spouse in banking"
Tom Kmiec,Alberta,Calgary Shepard,Conservative Party of Canada,N,N,N,"had both, lost them in the divorce"
Ziad Aboultaif,Alberta,Edmonton Manning,Conservative Party of Canada,Y,Y,N,"Landlord,"
George Chahal,Alberta,Calgary Skyview,Liberal Party of Canada,Y,Y,Y,"Landlord, Diverse investments with spouse"
Randy Boissonnault,Alberta,Edmonton Centre,Liberal Party of Canada,Y,Y,Y,Realty
Blake Desjarlais,Alberta,Edmonton Griesbach,New Democratic Party,N,N,N,
Heather Mcpherson,Alberta,Edmonton Strathcona,New Democratic Party,Y,N,Y,Huge assets
Bob Zimmer,British Columbia,Prince George—Peace River—Northern Rockies,Conservative Party of Canada,Y,Y,N,Major Landlord
Brad Vis,British Columbia,Mission—Matsqui—Fraser Canyon,Conservative Party of Canada,Y,N,N,
Dan Albas,British Columbia,Central Okanagan—Similkameen—Nicola,Conservative Party of Canada,Y,Y,N,
Ed Fast,British Columbia,Abbotsford,Conservative Party of Canada,Y,N,Y,Major investments in gold and bonds and S&P
Frank Caputo,British Columbia,Kamloops—Thompson—Cariboo,Conservative Party of Canada,Y,N,Y,amazon
Kerry-Lynne Findlay,British Columbia,South Surrey—White Rock,Conservative Party of Canada,Y,N,Y,energy investment
Marc Dalton,British Columbia,Pitt Meadows—Maple Ridge,Conservative Party of Canada,UNDISCLOSED,UNDISCLOSED,UNDISCLOSED,
Mark Strahl,British Columbia,Chilliwack—Hope,Conservative Party of Canada,Y,N,N,
Mel Arnold,British Columbia,North Okanagan—Shuswap,Conservative Party of Canada,Y,N,Y,boat repair (laundering?)
Rob Morrison,British Columbia,Kootenay—Columbia,Conservative Party of Canada,Y,N,Y,Energy & security
Tako Van Popta,British Columbia,Langley—Aldergrove,Conservative Party of Canada,Y,N,N,
Tamara Jansen,British Columbia,Cloverdale—Langley City,Conservative Party of Canada,NOT SUBMITTED,NOT SUBMITTED,NOT SUBMITTED,
Todd Doherty,British Columbia,Cariboo—Prince George,Conservative Party of Canada,Y,N,Y,Hair salon- probably laundering
Tracy Gray,British Columbia,Kelowna—Lake Country,Conservative Party of Canada,Y,Y,Y,investment company
Elizabeth May,British Columbia,Saanich—Gulf Islands,Green Party of Canada,Y,Y,N,Basement Suite
Carla Qualtrough,British Columbia,Delta,Liberal Party of Canada,Y,N,Y,telecom
Harjit Sajjan,British Columbia,Vancouver South,Liberal Party of Canada,Y,Y,Y,"Landlord, major investments"
Hedy Fry,British Columbia,Vancouver Centre,Liberal Party of Canada,Y,N,N,This lady is clean AF
Jonathan Wilkinson,British Columbia,North Vancouver,Liberal Party of Canada,Y,N,Y,Insane investments into huge many corporations
Joyce Murray,British Columbia,Vancouver Quadra,Liberal Party of Canada,Y,Y,Y,"Major Landlord, major assets"
Ken Hardie,British Columbia,Fleetwood—Port Kells,Liberal Party of Canada,Y,N,N,
Parm Bains,British Columbia,Steveston—Richmond East,Liberal Party of Canada,NOT SUBMITTED,NOT SUBMITTED,NOT SUBMITTED,
Patrick Weiler,British Columbia,West Vancouver—Sunshine Coast—Sea to Sky Country,Liberal Party of Canada,Y,N,N,
Randeep Sarai,British Columbia,Surrey Centre,Liberal Party of Canada,Y,Y,Y,"Real Estate, Landlord"
Ron Mckinnon,British Columbia,Coquitlam—Port Coquitlam,Liberal Party of Canada,Y,Y,N,
Sukh Dhaliwal,British Columbia,Surrey—Newton,Liberal Party of Canada,Y,Y,Y,"Real Estate, Landlord"
Taleeb Noormohamed,British Columbia,Vancouver Granville,Liberal Party of Canada,Y,Y,Y,"Landlord, Tech, Trust"
Terry Beech,British Columbia,Burnaby North—Seymour,Liberal Party of Canada,Y,Y,Y,Bombardier
Alistair Macgregor,British Columbia,Cowichan—Malahat—Langford,New Democratic Party,Y,Y,N,
Don Davies,British Columbia,Vancouver Kingsway,New Democratic Party,Y,N,Y,Huge investments in fortune 500
Gord Johns,British Columbia,Courtenay—Alberni,New Democratic Party,Y,N,Y,telecommunications
Jagmeet Singh,British Columbia,Burnaby South,New Democratic Party,Y,Y,N,
Jenny Kwan,British Columbia,Vancouver East,New Democratic Party,Y,N,N,
Laurel Collins,British Columbia,Victoria,New Democratic Party,Y,Y,Y,Landlord
Lisa Marie Barron,British Columbia,Nanaimo—Ladysmith,New Democratic Party,Y,N,N,
Peter Julian,British Columbia,New Westminster—Burnaby,New Democratic Party,Y,N,N,
Rachel Blaney,British Columbia,North Island—Powell River,New Democratic Party,N,N,N,
Randall Garrison,British Columbia,Esquimalt—Saanich—Sooke,New Democratic Party,Y,N,N,
Richard Cannings,British Columbia,South Okanagan—West Kootenay,New Democratic Party,Y,N,N,
Taylor Bachrach,British Columbia,Skeena—Bulkley Valley,New Democratic Party,Y,N,N,
Bonita Zarrillo,British Columbia,Port Moody—Coquitlam,New Democratic Party,Y,N,Y,Huge investments all over
Wilson Miao,British Columbia,Richmond Centre,Liberal Party of Canada,Y,Y,Y,Landlord
Branden Leslie,Manitoba,Portage—Lisgar,Conservative Party of Canada,Y,Y,Y,landlord grain
Dan Mazier,Manitoba,Dauphin—Swan River—Neepawa,Conservative Party of Canada,Y,Y,Y,"Landlord, investments"
James Bezan,Manitoba,Selkirk—Interlake—Eastman,Conservative Party of Canada,Y,Y,Y,landlord
Larry Maguire,Manitoba,Brandon—Souris,Conservative Party of Canada,Y,N,Y,Trust owner
Marty Morantz,Manitoba,Charleswood—St. James—Assiniboia—Headingley,Conservative Party of Canada,Y,Y,Y,"Landlord, investments"
Raquel Dancho,Manitoba,Kildonan—St. Paul,Conservative Party of Canada,Y,N,N,
Ted Falk,Manitoba,Provencher,Conservative Party of Canada,Y,Y,Y,"Landlord, major investments"
Ben Carr,Manitoba,Winnipeg South Centre,Liberal Party of Canada,Y,N,N,
Dan Vandal,Manitoba,Saint Boniface—Saint Vital,Liberal Party of Canada,Y,Y,Y,landlord
Kevin Lamoureux,Manitoba,Winnipeg North,Liberal Party of Canada,Y,Y,Y,landlord
Terry Duguid,Manitoba,Winnipeg South,Liberal Party of Canada,Y,Y,N,landlord
Leah Gazan,Manitoba,Winnipeg Centre,New Democratic Party,Y,N,N,
Leila Dance,Manitoba,Elmwood—Transcona,New Democratic Party,Y,N,N,
Niki Ashton,Manitoba,Churchill—Keewatinook Aski,New Democratic Party,Y,N,Y,walt disney
Jake Stewart,Manitoba,Miramichi—Grand Lake,Conservative Party of Canada,Y,N,N,
John Williamson,New Brunswick,New Brunswick Southwest,Conservative Party of Canada,Y,Y,Y,Huge shares in forty or fifty companies
Richard Bragdon,New Brunswick,Tobique—Mactaquac,Conservative Party of Canada,Y,N,N,
Rob Moore,New Brunswick,Fundy Royal,Conservative Party of Canada,Y,N,Y,Consulting
Dominic Leblanc,New Brunswick,Beauséjour,Liberal Party of Canada,Y,N,N,
Ginette Petitpas Taylor,New Brunswick,Moncton—Riverview—Dieppe,Liberal Party of Canada,Y,Y,Y,Huge insane investments
René Arseneault,New Brunswick,Madawaska—Restigouche,Liberal Party of Canada,Y,N,Y,
Serge Cormier,New Brunswick,Acadie—Bathurst,Liberal Party of Canada,Y,N,Y,nominal
Wayne Long,New Brunswick,Saint John—Rothesay,Liberal Party of Canada,Y,N,Y,Holding company
Jenica Atwin,New Brunswick,Fredericton,Liberal Party of Canada,Y,N,N,
Clifford Small,Newfoundland and Labrador,Coast of Bays—Central—Notre Dame,Conservative Party of Canada,Y,N,N,
Churence Rogers,Newfoundland and Labrador,Bonavista—Burin—Trinity,Liberal Party of Canada,Y,N,N,
Gudie Hutchings,Newfoundland and Labrador,Long Range Mountains,Liberal Party of Canada,Y,Y,Y,trust
Joanne Thompson,Newfoundland and Labrador,St. John's East,Liberal Party of Canada,Y,Y,Y,"trust, jeweling"
Ken Mcdonald,Newfoundland and Labrador,Avalon,Liberal Party of Canada,Y,N,N,
Seamus O'Regan,Newfoundland and Labrador,St. John's South—Mount Pearl,Liberal Party of Canada,Y,N,Y,investments
Yvonne Jones,Newfoundland and Labrador,Labrador,Liberal Party of Canada,Y,Y,Y,diverse investments
Michael Mcleod,Northwest Territories,Northwest Territories,Liberal Party of Canada,N,N,N,
Chris D'Entremont,Nova Scotia,West Nova,Conservative Party of Canada,Y,N,N,
Rick Perkins,Nova Scotia,South Shore—St. Margarets,Conservative Party of Canada,Y,Y,UNDISCLOSED,
Stephen Ellis,Nova Scotia,Cumberland—Colchester,Conservative Party of Canada,Y,Y,Y,Investments into fortune 500
Darrell Samson,Nova Scotia,Sackville—Preston—Chezzetcook,Liberal Party of Canada,Y,N,Y,nominal
Darren Fisher,Nova Scotia,Dartmouth—Cole Harbour,Liberal Party of Canada,Y,N,N,
Jaime Battiste,Nova Scotia,Sydney—Victoria,Liberal Party of Canada,N,N,N,
Kody Blois,Nova Scotia,Kings—Hants,Liberal Party of Canada,Y,Y,N,Landlord
Lena Diab,Nova Scotia,Halifax West,Liberal Party of Canada,Y,N,N,
Mike Kelloway,Nova Scotia,Cape Breton—Canso,Liberal Party of Canada,N,N,N,
Sean Fraser,Nova Scotia,Central Nova,Liberal Party of Canada,Y,N,N,
Vacant,Nova Scotia,Halifax,,,,,
Lori Idlout,Nunavut,Nunavut,New Democratic Party,Y,Y,N,"Landlord, realty"
Adam Chambers,Ontario,Simcoe North,Conservative Party of Canada,Y,Y,Y,"Tech, Disney, Banks, S&P, Spouse in Apple, Landlord"
Alex Ruff,Ontario,Bruce—Grey—Owen Sound,Conservative Party of Canada,Y,Y,Y,"Construction, Landlord"
Arpan Khanna,Ontario,Oxford,Conservative Party of Canada,Y,Y,Y,"Landlord, Holding, Law firm"
Ben Lobb,Ontario,Huron—Bruce,Conservative Party of Canada,Y,N,Y,"Bitcoin, Banks, Energy"
Cheryl Gallant,Ontario,Renfrew—Nipissing—Pembroke,Conservative Party of Canada,Y,N,Y,Third largest investment portfolio on list
Chris Lewis,Ontario,Essex,Conservative Party of Canada,Y,Y,Y,Trust
Colin Carrie,Ontario,Oshawa,Conservative Party of Canada,Y,Y,Y,"Human Resources, S&P High Dividend Yield,"
Dan Muys,Ontario,Flamborough—Glanbrook,Conservative Party of Canada,Y,N,N,
Dave Epp,Ontario,Chatham-Kent—Leamington,Conservative Party of Canada,Y,Y,Y,nomical interest in very sketchy businesses in tanzania?
Dean Allison,Ontario,Niagara West,Conservative Party of Canada,Y,Y,Y,"Investment company, tech, Wendy's"
Doug Shipley,Ontario,Barrie—Springwater—Oro-Medonte,Conservative Party of Canada,Y,Y,Y,"Holdings, sales, landlord"
Eric Duncan,Ontario,Stormont—Dundas—South Glengarry,Conservative Party of Canada,Y,Y,Y,"Promissory, Trust, Landlord"
Eric Melillo,Ontario,Kenora,Conservative Party of Canada,Y,N,N,
Jamie Schmale,Ontario,Haliburton—Kawartha Lakes—Brock,Conservative Party of Canada,Y,Y,N,landlord
Jamil Jivani,Ontario,Durham,Conservative Party of Canada,N,N,N,Owns a consulting firm
John Brassard,Ontario,Barrie—Innisfil,Conservative Party of Canada,Y,N,Y,banks and energy
John Nater,Ontario,Perth Wellington,Conservative Party of Canada,Y,N,N,
Karen Vecchio,Ontario,Elgin—Middlesex—London,Conservative Party of Canada,Y,N,N,
Kyle Seeback,Ontario,Dufferin—Caledon,Conservative Party of Canada,Y,Y,Y,"Holding company, landlord"
Larry Brock,Ontario,Brantford—Brant,Conservative Party of Canada,N,N,N,
Lianne Rood,Ontario,Lambton—Kent—Middlesex,Conservative Party of Canada,Y,Y,Y,"Landlord, Potato company"
Marilyn Gladu,Ontario,Sarnia—Lambton,Conservative Party of Canada,Y,N,Y,"Nominal, Security Corporation"
Melissa Lantsman,Ontario,Thornhill,Conservative Party of Canada,Y,Y,Y,Diverse portfolio her and partner
Michael Barrett,Ontario,Leeds—Grenville—Thousand Islands and Rideau Lakes,Conservative Party of Canada,Y,N,N,
Michael Chong,Ontario,Wellington—Halton Hills,Conservative Party of Canada,Y,N,Y,Ovintiv Inc
Michelle Ferreri,Ontario,Peterborough—Kawartha,Conservative Party of Canada,Y,Y,Y,"Investment company, Landlord"
Philip Lawrence,Ontario,Northumberland—Peterborough South,Conservative Party of Canada,Y,Y,Y,Landlord for farm/vineyard
Pierre Poilievre,Ontario,Carleton,Conservative Party of Canada,Y,Y,Y,"Landlord, many traded funds, controlling interest in businesses"
Ryan Williams,Ontario,Bay of Quinte,Conservative Party of Canada,Y,Y,Y,"Major investments, landlord"
Scot Davidson,Ontario,York—Simcoe,Conservative Party of Canada,Y,Y,Y,TIED FOR SECOND LARGEST
Scott Aitchison,Ontario,Parry Sound-Muskoka,Conservative Party of Canada,Y,Y,N,
Scott Reid,Ontario,Lanark—Frontenac—Kingston,Conservative Party of Canada,Y,Y,Y,Second most investments I've seen. This man is rich.
Shelby Kramp-Neuman,Ontario,Hastings—Lennox and Addington,Conservative Party of Canada,Y,N,N,
Terry Dowdall,Ontario,Simcoe—Grey,Conservative Party of Canada,Y,Y,Y,"Banking, Energy"
Tony Baldinelli,Ontario,Niagara Falls,Conservative Party of Canada,Y,Y,N,Owns a rental farmland
Mike Morrice,Ontario,kitchener center,Green Party of Canada,Y,Y,UNDISCLOSED,
Han Dong,Ontario,Don Valley North,Independent,Y,Y,N,landlord
Kevin Vuong,Ontario,Spadina—Fort York,Independent,Y,Y,Y,"Banks, Holding, Investment companies"
Adam Van Koeverden,Ontario,Milton,Liberal Party of Canada,Y,Y,Y,Trust
Ahmed Hussen,Ontario,York South—Weston,Liberal Party of Canada,Y,Y,N,Landlord
Ali Ehsassi,Ontario,Willowdale,Liberal Party of Canada,Y,Y,N,Landlord
Anita Anand,Ontario,Oakville,Liberal Party of Canada,Y,N,Y,"Construction, ""Promissory notes"", Consulting"
Anita Vandenbeld,Ontario,Ottawa West—Nepean,Liberal Party of Canada,Y,Y,Y,"Consulting, Landlord"
Anna Roberts,Ontario,King—Vaughan,Liberal Party of Canada,Y,Y,Y,"Nominal, landlord,"
Anthony Rota,Ontario,Nipissing—Timiskaming,Liberal Party of Canada,Y,Y,Y,"Landlord, Holding Company"
Arielle Kayabaga,Ontario,London West,Liberal Party of Canada,Y,N,N,
Arif Virani,Ontario,Parkdale—High Park,Liberal Party of Canada,Y,N,N,
Bardish Chagger,Ontario,Waterloo,Liberal Party of Canada,Y,N,N,
Bill Blair,Ontario,Scarborough Southwest,Liberal Party of Canada,Y,Y,N,Landlord
Bryan May,Ontario,Cambridge,Liberal Party of Canada,Y,N,Y,Telecom and Banks
Carolyn Bennett,Ontario,Toronto—St. Paul's,Liberal Party of Canada,Y,N,Y,Trust
Chad Collins,Ontario,Hamilton East—Stoney Creek,Liberal Party of Canada,Y,N,N,
Chandra Arya,Ontario,Nepean,Liberal Party of Canada,Y,Y,N,Landlord
Charles Sousa,Ontario,Mississauga—Lakeshore,Liberal Party of Canada,Y,Y,Y,"Landlord, Holding Company"
Chris Bittle,Ontario,St. Catharines,Liberal Party of Canada,Y,N,N,
Chrystia Freeland,Ontario,University—Rosedale,Liberal Party of Canada,Y,Y,N,"Landlord,"
David Mcguinty,Ontario,Ottawa South,Liberal Party of Canada,Y,N,N,
Filomena Tassi,Ontario,Hamilton West—Ancaster—Dundas,Liberal Party of Canada,Y,N,N,author of catholic books
Francesco Sorbara,Ontario,Vaughan—Woodbridge,Liberal Party of Canada,Y,Y,Y,"Diverse portfolio, including united health"
Francis Drouin,Ontario,Glengarry—Prescott—Russell,Liberal Party of Canada,Y,N,N,
Gary Anandasangaree,Ontario,Scarborough—Rouge Park,Liberal Party of Canada,Y,Y,Y,"Landlord, real estate investments"
Helena Jaczek,Ontario,Markham—Stouffville,Liberal Party of Canada,N,N,N,
Iqra Khalid,Ontario,Mississauga—Erin Mills,Liberal Party of Canada,Y,N,N,
Iqwinder Gaheer,Ontario,Mississauga—Malton,Liberal Party of Canada,Y,Y,Y,"Landlord, Real estate"
Irek Kusmierczyk,Ontario,Windsor—Tecumseh,Liberal Party of Canada,Y,N,N,
James Maloney,Ontario,Etobicoke—Lakeshore,Liberal Party of Canada,Y,Y,Y,"Energy, banks, oil, trusts"
Jean Yip,Ontario,Scarborough—Agincourt,Liberal Party of Canada,Y,Y,N,Landlord
Jenna Sudds,Ontario,Kanata—Carleton,Liberal Party of Canada,Y,N,Y,"trust, partner construction business"
Jennifer O'Connell,Ontario,Pickering—Uxbridge,Liberal Party of Canada,Y,Y,N,Landlord
John Mckay,Ontario,Scarborough-Guildwood,Liberal Party of Canada,Y,Y,Y,"Landlord, Realty"
Judy Sgro,Ontario,Humber River—Black Creek,Liberal Party of Canada,Y,Y,Y,"Landlord, Banks, Energy"
Julie Dabrusin,Ontario,Toronto—Danforth,Liberal Party of Canada,Y,N,Y,Trust
Julie Dzerowicz,Ontario,Davenport,Liberal Party of Canada,Y,N,Y,trusts
Kamal Khera,Ontario,Brampton West,Liberal Party of Canada,Y,Y,N,Landlord
Karina Gould,Ontario,Burlington,Liberal Party of Canada,Y,Y,N,"Landlord, did not disclose material changes to assets"
Kirsty Duncan,Ontario,Etobicoke North,Liberal Party of Canada,Y,N,Y,"Partner owns energy stocks, director of private firm"
Leah Taylor Roy,Ontario,Aurora—Oak Ridges—Richmond Hill,Liberal Party of Canada,Y,Y,Y,"Most investments on the List, Landlord"
Lloyd Longfield,Ontario,Guelph,Liberal Party of Canada,N,N,N,
Majid Jowhari,Ontario,Richmond Hill,Liberal Party of Canada,Y,Y,UNDISCLOSED,
Maninder Sidhu,Ontario,Brampton East,Liberal Party of Canada,Y,Y,Y,Realty
Marc Serré,Ontario,Nickel Belt,Liberal Party of Canada,Y,N,N,
Marci Ien,Ontario,Toronto Centre,Liberal Party of Canada,Y,N,N,
Marco Mendicino,Ontario,Eglinton—Lawrence,Liberal Party of Canada,Y,N,Y,"many private corp investments (macdonalds, apple, etc...)"
Marcus Powlowski,Ontario,Thunder Bay—Rainy River,Liberal Party of Canada,Y,Y,Y,"Diverse portfolio, Landlord"
Marie-France Lalonde,Ontario,Orléans,Liberal Party of Canada,Y,Y,Y,"Trust, Landlord"
Mark Gerretsen,Ontario,Kingston and the Islands,Liberal Party of Canada,Y,Y,Y,"Property management, landlord"
Mark Holland,Ontario,Ajax,Liberal Party of Canada,Y,Y,Y,"Consulting, Landlord"
Mary Ng,Ontario,Markham—Thornhill,Liberal Party of Canada,N,N,N,
Michael Coteau,Ontario,Don Valley East,Liberal Party of Canada,Y,N,Y,"Banking & SP index, consulting business"
Mona Fortier,Ontario,Ottawa—Vanier,Liberal Party of Canada,Y,N,Y,"Energy, Groveries, Income, Banks,"
Nathaniel Erskine-Smith,Ontario,Beaches—East York,Liberal Party of Canada,Y,Y,N,Landlord
Omar Alghabra,Ontario,Mississauga Centre,Liberal Party of Canada,Y,N,N,
Pam Damoff,Ontario,Oakville North—Burlington,Liberal Party of Canada,Y,N,N,
Patricia Hajdu,Ontario,Thunder Bay—Superior North,Liberal Party of Canada,Y,Y,N,Landlord
Paul Chiang,Ontario,Markham—Unionville,Liberal Party of Canada,N,N,N,
Peter Fonseca,Ontario,Mississauga East—Cooksville,Liberal Party of Canada,Y,Y,Y,"Landlord, real estate"
Peter Fragiskatos,Ontario,London North Centre,Liberal Party of Canada,Y,Y,N,
Rechie Valdez,Ontario,Mississauga—Streetsville,Liberal Party of Canada,Y,N,N,Seems to own a car dealership
Rob Oliphant,Ontario,Don Valley West,Liberal Party of Canada,UNDISCLOSED,UNDISCLOSED,UNDISCLOSED,
Ruby Sahota,Ontario,Brampton North,Liberal Party of Canada,Y,N,Y,Professional
Ryan Turnbull,Ontario,Whitby,Liberal Party of Canada,Y,Y,N,Landlord
Salma Zahid,Ontario,Scarborough Centre,Liberal Party of Canada,Y,Y,N,Landlord
Shafqat Ali,Ontario,Brampton Centre,Liberal Party of Canada,Y,Y,Y,"Landlord, Realty"
Shaun Chen,Ontario,Scarborough North,Liberal Party of Canada,Y,Y,Y,Landlord
Sonia Sidhu,Ontario,Brampton South,Liberal Party of Canada,Y,Y,Y,Auto?
Terry Sheehan,Ontario,Sault Ste. Marie,Liberal Party of Canada,Y,N,N,moonlights as a doctor
Tim Louis,Ontario,Kitchener—Conestoga,Liberal Party of Canada,UNDISCLOSED,UNDISCLOSED,UNDISCLOSED,
Tony Van Bynen,Ontario,Newmarket—Aurora,Liberal Party of Canada,Y,Y,Y,"Holding Company,"
Vacant,Ontario,Kitchener South—Hespeler,Liberal Party of Canada,,,,
Vacant,Ontario,York Centre,Liberal Party of Canada,,,,
Vance Badawey,Ontario,Niagara Centre,Liberal Party of Canada,Y,N,Y,"Consulting firm, owns a dance supplies company"
Viviane Lapointe,Ontario,Sudbury,Liberal Party of Canada,Y,N,N,
Ya'Ara Saks,Ontario,York Centre,Liberal Party of Canada,Y,N,Y,Trust
Yasir Naqvi,Ontario,Ottawa Centre,Liberal Party of Canada,Y,Y,Y,"lots of investments- S&P, Landlord"
Yvan Baker,Ontario,Etobicoke Centre,Liberal Party of Canada,N,N,N,
Brian Masse,Ontario,Windsor West,New Democratic Party,Y,N,N,
Carol Hughes,Ontario,Algoma—Manitoulin—Kapuskasing,New Democratic Party,N,N,N,
Charlie Angus,Ontario,Timmins-James Bay,New Democratic Party,Y,N,N,
Lindsay Mathyssen,Ontario,London—Fanshawe,New Democratic Party,Y,N,N,
Lisa Hepfner,Ontario,Hamilton Mountain,New Democratic Party,Y,Y,Y,trust
Matthew Green,Ontario,Hamilton Centre,New Democratic Party,Y,N,Y,Owns a corporation that helps disabled people.
Leslyn Lewis,Ontario,Haldimand—Norfolk,Conservative Party of Canada,Y,Y,Y,"Banks, spouse index funds and banks, owns a law firm, real estate company"
Vacant,Ontario,Toronto Centre,,,,,
Valerie Bradford,Ontario,Kitchener South—Hespeler,Liberal Party of Canada,Y,N,Y,"Banks, Tech, Media S&P"
Heath Macdonald,Prince Edward Island,Malpeque,Liberal Party of Canada,Y,N,N,
Lawrence Macaulay,Prince Edward Island,Cardigan,Liberal Party of Canada,Y,Y,Y,"Trusts, rents farms"
Robert Morrissey,Prince Edward Island,Egmont,Liberal Party of Canada,Y,Y,Y,"Holding, Nominal Investment company,"
Sean Casey,Prince Edward Island,Charlottetown,Liberal Party of Canada,Y,Y,Y,"Commercial rental property, Trust, Landlord."
Alain Therrien,Quebec,La Prairie,Bloc Québécois,Y,Y,N,Landlord
Alexis Brunelle-Duceppe,Quebec,Lac-Saint-Jean,Bloc Québécois,Y,Y,N,Landlord
Andréanne Larouche,Quebec,Shefford,Bloc Québécois,Y,Y,Y,"Google, apple, tesla, S&P"
Caroline Desbiens,Quebec,Beauport—Côte-de-Beaupré—Île d'Orléans—Charlevoix,Bloc Québécois,Y,Y,Y,hotel
Christine Normandin,Quebec,Saint-Jean,Bloc Québécois,N,N,N,Has a student loan
Claude Debellefeuille,Quebec,Salaberry—Suroît,Bloc Québécois,Y,N,N,employed at a printing shop?
Denis Trudel,Quebec,Longueuil—Saint-Hubert,Bloc Québécois,Y,N,Y,"## Company, Film industry,"
Gabriel Ste-Marie,Quebec,Joliette,Bloc Québécois,Y,N,N,
Jean-Denis Garon,Quebec,Mirabel,Bloc Québécois,Y,Y,N,
Julie Vignola,Quebec,Beauport—Limoilou,Bloc Québécois,Y,N,N,
Kristina Michaud,Quebec,Avignon—La Mitis—Matane—Matapédia,Bloc Québécois,Y,N,Y,"S&P Bmo,"
Louis Plamondon,Quebec,Bécancour—Nicolet—Saurel,Bloc Québécois,Y,N,Y,"groceries, Apple, Banking, telecom"
Louise Chabot,Quebec,Thérèse-De Blainville,Bloc Québécois,Y,N,N,
Luc Desilets,Quebec,Rivière-des-Mille-Îles,Bloc Québécois,Y,Y,Y,"Landlord, Nasdaq 100 index, Bombardier Inc"
Luc Thériault,Quebec,Montcalm,Bloc Québécois,Y,N,N,
Marie-Hélène Gaudreau,Quebec,Laurentides—Labelle,Bloc Québécois,Y,Y,Y,"Insurance, Landlord"
Marilène Gill,Quebec,Manicouagan,Bloc Québécois,Y,Y,N,Landlord
Mario Beaulieu,Quebec,La Pointe-de-l'Île,Bloc Québécois,Y,N,N,
Mario Simard,Quebec,Jonquière,Bloc Québécois,Y,Y,N,Landlord
Martin Champoux,Quebec,Drummond,Bloc Québécois,Y,N,N,
Maxime Blanchette-Joncas,Quebec,Rimouski-Neigette—Témiscouata—Les Basques,Bloc Québécois,N,N,N,
Monique Pauzé,Quebec,Repentigny,Bloc Québécois,Y,N,N,
Nathalie Sinclair-Desgagné,Quebec,Terrebonne,Bloc Québécois,Y,Y,N,Landlord
René Villemure,Quebec,Trois-Rivières,Bloc Québécois,Y,N,Y,"Bombardie, Next Dynamics, jan One"
Rhéal Fortin,Quebec,Rivière-du-Nord,Bloc Québécois,Y,Y,Y,"Vanguard, Banking, Landlord"
Sébastien Lemire,Quebec,Abitibi—Témiscamingue,Bloc Québécois,Y,Y,N,Landlord
Simon-Pierre Savard-Tremblay,Quebec,Saint-Hyacinthe—Bagot,Bloc Québécois,Y,N,Y,"S&P, Vanguard"
Stéphane Bergeron,Quebec,Montarville,Bloc Québécois,Y,Y,Y,"Banking, Landlord"
Sylvie Bérubé,Quebec,Abitibi—Baie-James—Nunavik—Eeyou,Bloc Québécois,Y,Y,N,Landlord
Xavier Barsalou-Duval,Quebec,Pierre-Boucher—Les Patriotes—Verchères,Bloc Québécois,Y,N,N,
Yves Perron,Quebec,Berthier—Maskinongé,Bloc Québécois,Y,Y,Y,"ESG Growth ETF, Landlord"
Yves-François Blanchet,Quebec,Beloeil—Chambly,Bloc Québécois,Y,N,Y,"Trust,"
Bernard Généreux,Quebec,Montmagny—L'Islet—Kamouraska—Rivière-du-Loup,Conservative Party of Canada,Y,N,Y,Printing and Graphic design
Dominique Vien,Quebec,Bellechasse—Les Etchemins—Lévis,Conservative Party of Canada,Y,N,Y,Vanguard 500 Index
Gérard Deltell,Quebec,Louis-Saint-Laurent,Conservative Party of Canada,Y,N,N,
Jacques Gourde,Quebec,Lévis—Lotbinière,Conservative Party of Canada,Y,N,Y,Farms
Joël Godin,Quebec,Portneuf—Jacques-Cartier,Conservative Party of Canada,Y,Y,Y,"Landlord, Banking"
Luc Berthold,Quebec,Mégantic—L'Érable,Conservative Party of Canada,Y,N,Y,Extra job working at a daycare center?
Pierre Paul-Hus,Quebec,Charlesbourg—Haute-Saint-Charles,Conservative Party of Canada,Y,N,Y,"Banking, Telecom, advertising,"
Richard Lehoux,Quebec,Beauce,Conservative Party of Canada,Y,Y,Y,"Landlord, Heifer farm, Dairy farm"
Richard Martel,Quebec,Chicoutimi—Le Fjord,Conservative Party of Canada,Y,Y,Y,"Financial, Landlord"
Alain Rayes,Quebec,Richmond—Arthabaska,Independent,Y,Y,N,Landlord
Pablo Rodríguez,Quebec,Honoré-Mercier,Independent,Y,Y,Y,"Trust, Landlord"
Alexandra Mendès,Quebec,Brossard—Saint-Lambert,Liberal Party of Canada,Y,Y,N,Landlord
Angelo Iacono,Quebec,Alfred-Pellan,Liberal Party of Canada,Y,N,Y,"Banking, Tech, Costco"
Anju Dhillon,Quebec,Dorval—Lachine—LaSalle,Liberal Party of Canada,Y,Y,N,Landlord
Anna Gainey,Quebec,Notre-Dame-de-Grâce—Westmount,Liberal Party of Canada,Y,N,Y,"trust, banks, energy, Nestle"
Annie Koutrakis,Quebec,Vimy,Liberal Party of Canada,Y,N,Y,"Cheese, Science,"
Anthony Housefather,Quebec,Mount Royal,Liberal Party of Canada,Y,N,Y,"2 Trusts, Clothing company?,"
Brenda Shanahan,Quebec,Châteauguay—Lacolle,Liberal Party of Canada,Y,N,Y,S&P
David Lametti,Quebec,LaSalle—Émard—Verdun,Liberal Party of Canada,Y,N,N,Wrote a book on law
Diane Lebouthillier,Quebec,Gaspésie—Les Îles-de-la-Madeleine,Liberal Party of Canada,Y,Y,Y,"Banking, Vanguard"
Élisabeth Brière,Quebec,Sherbrooke,Liberal Party of Canada,Y,N,N,
Emmanuel Dubourg,Quebec,Bourassa,Liberal Party of Canada,Y,Y,N,Landlord
Emmanuella Lambropoulos,Quebec,Saint-Laurent,Liberal Party of Canada,Y,N,N,
Fayçal El-Khoury,Quebec,Laval—Les Îles,Liberal Party of Canada,Y,N,Y,"Banking, asset management, telecom, trust"
Francis Scarpaleggia,Quebec,Lac-Saint-Louis,Liberal Party of Canada,Y,N,Y,"Trust, Banking, Telecom"
François-Philippe Champagne,Quebec,Saint-Maurice—Champlain,Liberal Party of Canada,Y,Y,Y,"Trust, landlord, loan profiting"
Greg Fergus,Quebec,Hull—Aylmer,Liberal Party of Canada,Y,N,N,
Jean-Yves Duclos,Quebec,Québec,Liberal Party of Canada,Y,N,N,
Joël Lightbound,Quebec,Louis-Hébert,Liberal Party of Canada,Y,N,Y,"Bitcoin, Tesla"
Justin Trudeau,Quebec,Papineau,Liberal Party of Canada,Y,Y,Y,"Trust, Lumber, Three more trusts"
Marc Miller,Quebec,Ville-Marie—Le Sud-Ouest—Île-des-Sœurs,Liberal Party of Canada,Y,Y,N,landlord
Marie-Claude Bibeau,Quebec,Compton—Stanstead,Liberal Party of Canada,Y,N,Y,Holding
Mélanie Joly,Quebec,Ahuntsic-Cartierville,Liberal Party of Canada,Y,N,Y,"Banking, Couche Tard, Partner Dividends"
Pascale St-Onge,Quebec,Brome—Missisquoi,Liberal Party of Canada,Y,Y,N,Landlord
Patricia Lattanzio,Quebec,Saint-Léonard—Saint-Michel,Liberal Party of Canada,Y,Y,Y,"Pfizer, Banking, landlord"
Peter Schiefke,Quebec,Vaudreuil—Soulanges,Liberal Party of Canada,Y,Y,N,landlord
Rachel Bendayan,Quebec,Outremont,Liberal Party of Canada,Y,Y,Y,"Landlord, Real Estate, Medical"
Sameer Zuberi,Quebec,Pierrefonds—Dollard,Liberal Party of Canada,Y,Y,N,Landlord
Sherry Romanado,Quebec,Longueuil—Charles-LeMoyne,Liberal Party of Canada,Y,N,Y,"S&P, Vanguard"
Sophie Chatel,Quebec,Pontiac,Liberal Party of Canada,Y,N,Y,S&P
Soraya Martinez Ferrada,Quebec,Hochelaga,Liberal Party of Canada,Y,Y,Y,"Artisans investments, Landlord"
Stéphane Lauzon,Quebec,Argenteuil—La Petite-Nation,Liberal Party of Canada,Y,N,Y,Owns a few unnamed businesses.
Steven Guilbeault,Quebec,Laurier—Sainte-Marie,Liberal Party of Canada,Y,N,N,"Has ""extra jobs?"""
Steven Mackinnon,Quebec,Gatineau,Liberal Party of Canada,Y,Y,Y,"Holding, Real Estate"
Yves Robillard,Quebec,Marc-Aurèle-Fortin,Liberal Party of Canada,UNDISCLOSED,UNDISCLOSED,UNDISCLOSED,
Alexandre Boulerice,Quebec,Rosemont—La Petite-Patrie,New Democratic Party,Y,Y,N,Landlord
Andrew Scheer,Saskatchewan,Regina—Qu'Appelle,Conservative Party of Canada,Y,Y,Y,"Realty, Banking"
Brad Redekopp,Saskatchewan,Saskatoon West,Conservative Party of Canada,Y,Y,Y,"Landlord, Banking, Natural resources, oil,"
Cathay Wagantall,Saskatchewan,Yorkton—Melville,Conservative Party of Canada,Y,N,Y,Printing
Corey Tochor,Saskatchewan,Saskatoon—University,Conservative Party of Canada,Y,Y,Y,"Banking, Landlord, Realty"
Fraser Tolmie,Saskatchewan,Moose Jaw—Lake Centre—Lanigan,Conservative Party of Canada,Y,N,N,
Gary Vidal,Saskatchewan,Desnethé—Missinippi—Churchill River,Conservative Party of Canada,Y,N,Y,"Holding Company,"
Jeremy Patzer,Saskatchewan,Cypress Hills—Grasslands,Conservative Party of Canada,Y,Y,N,Landlord
Kelly Block,Saskatchewan,Carlton Trail—Eagle Creek,Conservative Party of Canada,Y,Y,N,Landlord
Kevin Waugh,Saskatchewan,Saskatoon—Grasswood,Conservative Party of Canada,Y,Y,Y,"Oil, Realty"
Michael Kram,Saskatchewan,Regina—Wascana,Conservative Party of Canada,Y,N,N,
Randy Hoback,Saskatchewan,Prince Albert,Conservative Party of Canada,Y,Y,N,Landlord
Robert Kitchen,Saskatchewan,Souris—Moose Mountain,Conservative Party of Canada,Y,N,N,
Rosemarie Falk,Saskatchewan,Battlefords—Lloydminster,Conservative Party of Canada,Y,Y,N,extra employment with energy corp
Warren Steinley,Saskatchewan,Regina—Lewvan,Conservative Party of Canada,Y,N,N,
Brendan Hanley,Yukon,Yukon,Liberal Party of Canada,Y,Y,N,"Meta, Google, Banking, Pfizer, Suncor, Tesla, Vanguard, S&P, much more."
